1,08:46
2,08:47
14,08:48
21,08:49
30,08:50
41,08:51
63,08:52
69,08:53
105,08:54
138,08:55
171,08:56
206,08:57
241,08:58
294,08:59
359,09:00
418,09:01
447,09:02
482,09:03
503,09:04
516,09:05
565,09:06
612,09:07
663,09:08
675,09:09
729,09:10
791,09:11
824,09:12
875,09:13
915,09:14
922,09:15
939,09:16
956,09:17
980,09:18
996,09:19
1032,09:20
1074,09:21
1109,09:22
1148,09:23
1188,09:24
1220,09:25
1253,09:26
1284,09:27
1325,09:28
1373,09:29
1403,09:30
1445,09:31
1498,09:32
1536,09:33
1563,09:34
1603,09:35
1647,09:36
1684,09:37
1713,09:38
1752,09:39
1777,09:40
